step,train_loss,val_loss,lr,elapsed_min,phase
0,4.743548,4.747399,0.00030000,0.12,train
250,2.523899,2.504475,0.00029700,2.10,train
500,2.339492,2.285785,0.00029400,4.02,train
750,1.806989,1.638042,0.00029100,5.93,train
1000,1.241161,0.953402,0.00028800,7.84,train
1250,0.791607,0.481865,0.00028500,9.68,train
1500,0.560194,0.253839,0.00028200,11.53,train
1750,0.493960,0.154269,0.00027900,13.23,train
2000,0.411907,0.119195,0.00027600,15.03,train
2250,0.412233,0.099449,0.00027300,16.71,train
2500,0.399036,0.093635,0.00027000,18.42,train
2750,0.368815,0.089335,0.00026700,20.11,train
3000,0.359805,0.084074,0.00026400,21.79,train
3250,0.363073,0.078828,0.00026100,23.47,train
3500,0.341578,0.076913,0.00025800,25.15,train
3750,0.347510,0.075441,0.00025500,26.85,train
4000,0.252202,0.078364,0.00025200,28.55,train
4250,0.295509,0.071740,0.00024900,30.24,train
4500,0.311983,0.073445,0.00024600,31.93,train
4750,0.283630,0.071617,0.00024300,33.62,train
5000,0.246634,0.073111,0.00024000,35.38,train
5250,0.291447,0.072386,0.00023700,37.46,train
5500,0.273169,0.067376,0.00023400,39.48,train
5750,0.249120,0.067453,0.00023100,42.81,train
6000,0.216783,0.067458,0.00022800,45.89,train
6250,0.228712,0.068067,0.00022500,47.87,train
6500,0.231143,0.066606,0.00022200,49.84,train
6750,0.262607,0.069406,0.00021900,51.52,train
7000,0.218616,0.065902,0.00021600,53.20,train
7250,0.218837,0.066985,0.00021300,54.88,train
7500,0.251892,0.067052,0.00021000,56.57,train
7750,0.198061,0.060553,0.00020700,58.25,train
8000,0.210436,0.061899,0.00020400,59.94,train
8250,0.168736,0.062862,0.00020100,61.61,train
8500,0.205574,0.064917,0.00019800,63.30,train
8750,0.188792,0.063536,0.00019500,65.10,train
9000,0.192883,0.064583,0.00019200,67.09,train
9250,0.183108,0.059787,0.00018900,69.70,train
9500,0.188452,0.060682,0.00018600,72.11,train
9750,0.166465,0.062868,0.00018300,74.36,train
10000,0.148139,0.063084,0.00018000,76.52,train
10250,0.151117,0.062952,0.00017700,78.87,train
10500,0.129831,0.061992,0.00017400,81.18,train
10750,0.117848,0.063972,0.00017100,83.21,train
11000,0.146674,0.061749,0.00016800,85.57,train
11250,0.138469,0.063282,0.00016500,88.27,train
11500,0.127017,0.061854,0.00016200,90.35,train
11750,0.119352,0.060771,0.00015900,92.75,train
12000,0.125487,0.061793,0.00015600,95.10,train
12250,0.126245,0.063385,0.00015300,97.69,train
12500,0.101921,0.060102,0.00015000,99.66,train
12750,0.103961,0.057875,0.00014700,101.46,train
13000,0.101114,0.061100,0.00014400,103.57,train
13250,0.097356,0.058603,0.00014100,106.02,train
13500,0.093254,0.057860,0.00013800,108.54,train
13750,0.096818,0.059185,0.00013500,111.09,train
14000,0.093001,0.059837,0.00013200,113.15,train
14250,0.088942,0.060152,0.00012900,115.00,train
14500,0.084800,0.057907,0.00012600,116.81,train
14750,0.084640,0.061097,0.00012300,119.28,train
15000,0.074564,0.056411,0.00012000,122.17,train
15250,0.084061,0.058593,0.00011700,124.44,train
15500,0.073511,0.062672,0.00011400,126.38,train
15750,0.068126,0.056529,0.00011100,128.13,train
16000,0.073616,0.052025,0.00010800,129.84,train
16250,0.069300,0.059948,0.00010500,131.56,train
16500,0.065359,0.058952,0.00010200,133.24,train
16750,0.069263,0.057764,0.00009900,134.92,train
17000,0.069071,0.056564,0.00009600,136.83,train
17250,0.064862,0.059346,0.00009300,139.08,train
17500,0.057952,0.058985,0.00009000,141.07,train
17750,0.061555,0.056700,0.00008700,142.91,train
18000,0.060999,0.059417,0.00008400,144.93,train
18250,0.058215,0.056459,0.00008100,146.97,train
18500,0.061044,0.057548,0.00007800,148.97,train
18750,0.059046,0.057995,0.00007500,151.17,train
19000,0.058399,0.058729,0.00007200,153.54,train
19250,0.055302,0.056707,0.00006900,155.54,train
19500,0.057202,0.057878,0.00006600,157.69,train
19750,0.054929,0.061175,0.00006300,159.65,train
20000,0.058330,0.057933,0.00006000,161.83,train
20250,0.055077,0.062083,0.00005700,163.53,train
20500,0.052835,0.057683,0.00005400,165.66,train
20750,0.053581,0.062147,0.00005100,167.70,train
21000,0.051672,0.059160,0.00004800,169.75,train
21250,0.051695,0.058058,0.00004500,171.71,train
21500,0.051861,0.060131,0.00004200,173.82,train
21750,0.050809,0.057975,0.00003900,175.50,train
22000,0.052640,0.055540,0.00003600,177.21,train
22250,0.050872,0.054428,0.00003300,178.92,train
22500,0.049473,0.056273,0.00003000,180.65,train
22750,0.053572,0.056996,0.00002700,182.37,train
23000,0.050034,0.057105,0.00002400,184.22,train
23250,0.048710,0.058971,0.00002100,186.26,train
23500,0.050532,0.053720,0.00001800,188.04,train
23750,0.047562,0.055306,0.00001500,190.09,train
24000,0.050740,0.057520,0.00001200,192.39,train
24250,0.048903,0.054821,0.00000900,194.26,train
24500,0.048408,0.061647,0.00000600,196.07,train
24750,0.049125,0.057545,0.00000300,198.15,train
24999,0.050046,0.059492,0.00000001,200.07,train
25000,0.051388,0.057227,0.00008000,200.18,finetune
25250,0.051584,0.057415,0.00007775,202.72,finetune
25500,0.053101,0.060568,0.00007550,205.04,finetune
25750,0.054002,0.057379,0.00007325,207.24,finetune
26000,0.052217,0.053568,0.00007100,209.41,finetune
26250,0.050284,0.056744,0.00006875,211.68,finetune
26500,0.051101,0.054552,0.00006650,214.24,finetune
26750,0.050976,0.062214,0.00006425,216.54,finetune
27000,0.050732,0.057335,0.00006200,218.84,finetune
27250,0.052399,0.058287,0.00005975,220.95,finetune
27500,0.050023,0.057400,0.00005750,223.15,finetune
27750,0.050794,0.053393,0.00005525,225.14,finetune
28000,0.049280,0.058319,0.00005300,227.07,finetune
28250,0.049727,0.059521,0.00005075,229.19,finetune
28500,0.048955,0.054732,0.00004850,231.45,finetune
28750,0.047476,0.061168,0.00004625,233.57,finetune
29000,0.049196,0.056950,0.00004400,235.77,finetune
29250,0.048376,0.057194,0.00004175,237.79,finetune
29500,0.047367,0.058289,0.00003949,239.90,finetune
29750,0.046562,0.059064,0.00003724,241.91,finetune
30000,0.046802,0.061480,0.00003499,243.75,finetune
30250,0.047845,0.056623,0.00003274,245.52,finetune
30500,0.048099,0.054626,0.00003049,247.32,finetune
30750,0.046604,0.061314,0.00002824,249.07,finetune
31000,0.047539,0.061390,0.00002599,250.82,finetune
31250,0.047439,0.059697,0.00002374,252.86,finetune
31500,0.046970,0.060218,0.00002149,254.95,finetune
31750,0.046161,0.062687,0.00001924,257.38,finetune
32000,0.048045,0.058697,0.00001699,259.36,finetune
32250,0.046250,0.059712,0.00001474,261.32,finetune
32500,0.047175,0.059117,0.00001249,263.27,finetune
32750,0.044736,0.057144,0.00001024,265.12,finetune
32999,0.044616,0.058005,0.00000800,267.01,finetune
